repo_name,easy_file,hard_file
mozman/ezdxf,src/ezdxf/addons/drawing/backend.py,src/ezdxf/addons/drawing/properties.py
mozman/ezdxf,src/ezdxf/entities/viewport.py,src/ezdxf/addons/drawing/properties.py
mozman/ezdxf,src/ezdxf/addons/drawing/pyqt.py,src/ezdxf/addons/drawing/properties.py
PMEAL/OpenPNM,openpnm/utils/_project.py,openpnm/network/_voronoi.py
PMEAL/OpenPNM,openpnm/models/physics/_utils.py,openpnm/network/_voronoi.py
PMEAL/OpenPNM,openpnm/utils/_project.py,openpnm/network/_delaunay_voronoi_dual.py
PMEAL/OpenPNM,openpnm/io/_vtk.py,openpnm/network/_delaunay_voronoi_dual.py
PMEAL/OpenPNM,openpnm/io/_vtk.py,openpnm/network/_voronoi.py
PMEAL/OpenPNM,openpnm/utils/_workspace.py,openpnm/network/_delaunay_voronoi_dual.py
PMEAL/OpenPNM,openpnm/models/physics/_utils.py,openpnm/network/_delaunay_voronoi_dual.py
PMEAL/OpenPNM,openpnm/utils/_workspace.py,openpnm/network/_voronoi.py
anselmobd/fo2,src/lotes/views/analise/produzir_grade_empenho.py,src/cd/queries/novo_modulo/refs_de_modelo.py
anselmobd/fo2,src/lotes/queries/pedido/faturavel_modelo.py,src/cd/queries/novo_modulo/refs_de_modelo.py
anselmobd/fo2,src/lotes/queries/analise/produzir_grade_empenho.py,src/cd/queries/novo_modulo/refs_de_modelo.py
anselmobd/fo2,src/lotes/queries/pedido/ped_nf_rolos.py,src/cd/queries/novo_modulo/refs_de_modelo.py
anselmobd/fo2,src/comercial/views/lista_referencias.py,src/cd/queries/novo_modulo/refs_de_modelo.py
anselmobd/fo2,src/cd/views/novo_modulo/historico_lote.py,src/cd/queries/novo_modulo/refs_de_modelo.py
anselmobd/fo2,src/cd/queries/novo_modulo/cd_lote_hist.py,src/cd/queries/novo_modulo/refs_de_modelo.py
anselmobd/fo2,src/utils/table_defs.py,src/cd/queries/novo_modulo/refs_de_modelo.py
eoyilmaz/anima,anima/ui/dialogs/project_manager.py,anima/dcc/mayaEnv/auxiliary.py
eoyilmaz/anima,anima/ui/menus/__init__.py,anima/dcc/mayaEnv/auxiliary.py
eoyilmaz/anima,anima/ui/menus/__init__.py,anima/dcc/resolve/shot_tools.py
eoyilmaz/anima,anima/ui/dialogs/project_manager.py,anima/dcc/resolve/shot_tools.py
apache/libcloud,libcloud/compute/drivers/abiquo.py,contrib/generate_provider_feature_matrix_table.py
apache/libcloud,docs/examples/misc/twisted_create_node.py,contrib/generate_provider_feature_matrix_table.py
apache/libcloud,contrib/generate_provider_logos_collage_image.py,contrib/generate_provider_feature_matrix_table.py
apache/libcloud,libcloud/compute/drivers/digitalocean.py,contrib/generate_provider_feature_matrix_table.py
apache/libcloud,docs/examples/storage/concurrent_file_download_using_gevent.py,contrib/generate_provider_feature_matrix_table.py
apache/libcloud,libcloud/common/azure.py,contrib/generate_provider_feature_matrix_table.py
apache/libcloud,libcloud/storage/drivers/azure_blobs.py,contrib/generate_provider_feature_matrix_table.py
apache/libcloud,libcloud/dns/drivers/gandi.py,contrib/generate_provider_feature_matrix_table.py
apache/libcloud,libcloud/loadbalancer/drivers/elb.py,contrib/generate_provider_feature_matrix_table.py
pypa/setuptools,distutils/ccompiler.py,distutils/unixccompiler.py
rcriii42/DHLLDV,Scripts/bokeh_viewer.py,src/DHLLDV/PipeObj.py
OzFlux/PyFluxPro,PyFluxPro.py,scripts/pfp_compliance.py
OzFlux/PyFluxPro,PyFluxPro.py,scripts/cfg.py
OzFlux/PyFluxPro,PyFluxPro.py,scripts/pfp_rp.py
Rapptz/RoboDanny,cogs/utils/context.py,cogs/reminder.py
ICTU/quality-time,components/external_server/src/routes/server.py,components/internal_server/src/initialization/migration.py
guardicore/monkey,monkey/infection_monkey/push_events_to_island.py,monkey/monkey_island/cc/resources/auth/authenticate.py
guardicore/monkey,monkey/common/event_queue/pypubsub_island_event_queue.py,monkey/monkey_island/cc/resources/auth/authenticate.py
pauliacomi/pyGAPS,src/pygaps/parsing/bel_excel.py,src/pygaps/parsing/aif.py
pauliacomi/pyGAPS,src/pygaps/parsing/mic_excel.py,src/pygaps/parsing/aif.py
pauliacomi/pyGAPS,src/pygaps/parsing/qnt_txt.py,src/pygaps/parsing/aif.py
pauliacomi/pyGAPS,src/pygaps/data/__init__.py,src/pygaps/parsing/aif.py
pauliacomi/pyGAPS,src/pygaps/parsing/bel_dat.py,src/pygaps/parsing/aif.py
jhpyle/docassemble,docassemble_base/docassemble/base/__init__.py,docassemble_webapp/docassemble/webapp/server.py
jhpyle/docassemble,docassemble_demo/setup.py,docassemble_webapp/docassemble/webapp/server.py
jhpyle/docassemble,docassemble_webapp/docassemble/webapp/__init__.py,docassemble_webapp/docassemble/webapp/server.py
jhpyle/docassemble,docassemble_demo/docassemble/demo/__init__.py,docassemble_webapp/docassemble/webapp/server.py
bryanforbes/Erasmus,erasmus/l10n/__init__.py,erasmus/page_source.py
bryanforbes/Erasmus,erasmus/l10n/__init__.py,erasmus/types.py
bryanforbes/Erasmus,erasmus/l10n/__init__.py,erasmus/cogs/admin.py
joshspeagle/dynesty,py/dynesty/sampling.py,py/dynesty/dynamicsampler.py
joshspeagle/dynesty,py/dynesty/dynesty.py,py/dynesty/dynamicsampler.py
ansible/ansible-lint,src/ansiblelint/rules/meta_no_tags.py,src/ansiblelint/rules/yaml_rule.py
ansible/ansible-lint,src/ansiblelint/rules/meta_video_links.py,src/ansiblelint/rules/yaml.py
ansible/ansible-lint,src/ansiblelint/rules/meta_no_tags.py,src/ansiblelint/rules/yaml.py
ansible/ansible-lint,src/ansiblelint/rules/meta_video_links.py,src/ansiblelint/rules/jinja.py
ansible/ansible-lint,src/ansiblelint/rules/partial_become.py,src/ansiblelint/rules/yaml.py
ansible/ansible-lint,src/ansiblelint/rules/partial_become.py,src/ansiblelint/rules/jinja.py
ansible/ansible-lint,src/ansiblelint/rules/partial_become.py,src/ansiblelint/rules/yaml_rule.py
ansible/ansible-lint,src/ansiblelint/rules/meta_no_tags.py,src/ansiblelint/rules/jinja.py
ansible/ansible-lint,src/ansiblelint/rules/meta_video_links.py,src/ansiblelint/rules/yaml_rule.py
jacebrowning/memegen,app/models/template.py,app/views/shortcuts.py
googlefonts/nanoemoji,src/nanoemoji/colors.py,src/nanoemoji/svg.py
mathiasertl/django-ca,devscripts/commands/validate.py,devscripts/commands/recreate_fixtures.py
mathiasertl/django-ca,devscripts/commands/__init__.py,devscripts/commands/recreate_fixtures.py
mathiasertl/django-ca,devscripts/dev/utils.py,devscripts/commands/recreate_fixtures.py
mathiasertl/django-ca,devscripts/config.py,devscripts/commands/recreate_fixtures.py
mathiasertl/django-ca,devscripts/recreate_fixtures_helpers.py,devscripts/commands/recreate_fixtures.py
mathiasertl/django-ca,devscripts/utils.py,devscripts/commands/recreate_fixtures.py
mathiasertl/django-ca,devscripts/validate.py,devscripts/commands/recreate_fixtures.py
EBI-Metagenomics/emgapi,setup.py,emgapi/serializers.py
alejandroautalan/pygubu,src/pygubu/component/widgetmeta.py,src/pygubu/plugins/tk/tkstdwidgets.py
alejandroautalan/pygubu,src/pygubu/__init__.py,src/pygubu/plugins/tk/tkstdwidgets.py
alejandroautalan/pygubu,src/pygubu/__init__.py,src/pygubu/component/builderobject.py
alejandroautalan/pygubu,src/pygubu/component/widgetmeta.py,src/pygubu/component/builderobject.py
alejandroautalan/pygubu,src/pygubu/component/uidefinition.py,src/pygubu/component/builderobject.py
alejandroautalan/pygubu,src/pygubu/component/uidefinition.py,src/pygubu/plugins/tk/tkstdwidgets.py
google/python-spanner-orm,setup.py,spanner_orm/field.py
robcarver17/pysystemtrade,sysdata/production/TEMP_capital_transfer.py,sysdata/tools/cleaner.py
robcarver17/pysystemtrade,sysdata/production/TEMP_capital_transfer.py,sysproduction/data/risk.py
robcarver17/pysystemtrade,sysproduction/reporting/adhoc/instrument_list.py,sysdata/tools/cleaner.py
robcarver17/pysystemtrade,sysproduction/reporting/adhoc/instrument_list.py,sysproduction/data/risk.py
all-of-us/raw-data-repository,rdr_service/model/genomics.py,rdr_service/dao/questionnaire_response_dao.py
Som-Energia/somenergia-tomatic,tomatic/plannerexecution.py,scripts/tomatic_timetablelauncher.py
metabrainz/listenbrainz-server,listenbrainz/db/timescale.py,listenbrainz/timescale_writer/timescale_writer.py
theonlydude/RandomMetroidSolver,solver/solverState.py,solver/interactiveSolver.py
